{"cameraMode":{"drawMode":0,"name":"Shaded","section":"Shading Mode"},"sceneLighting":true,"audioPlay":false,"sceneViewState":{"showFog":false,"showMaterialUpdate":false,"showSkybox":false,"showFlares":false,"showImageEffects":false,"showParticleSystems":false},"in2DMode":false,"pivot":{"x":-0.01802349090576172,"y":-7.898200988769531,"z":-30.193384170532228},"rotation":{"x":-0.03545663505792618,"y":0.866675853729248,"z":-0.49370837211608889,"w":-0.062248095870018008},"size":108.9022216796875,"orthographic":false}