{"cameraMode":{"drawMode":0,"name":"Shaded","section":"Shading Mode"},"sceneLighting":true,"audioPlay":false,"sceneViewState":{"showFog":false,"showMaterialUpdate":false,"showSkybox":false,"showFlares":false,"showImageEffects":false,"showParticleSystems":false},"in2DMode":false,"pivot":{"x":20.46059226989746,"y":8.561162948608399,"z":43.985103607177737},"rotation":{"x":-0.05628198757767677,"y":0.11505390703678131,"z":0.006533334497362375,"w":0.9917460083961487},"size":55.0893669128418,"orthographic":false}